瀬戸熊直樹,松本吉弘,藤崎智,村上淳
萩原聖人,多井隆晴,鈴木たろう,前原雄大
和久津晶,丸山奏子,二階堂亜樹,前原雄大
近藤誠一,高宮まり,勝又健志,園田賢
沢崎誠,黒沢咲,小林剛,白鳥翔
日向藍子,朝倉康心,瀬戸熊直樹,沢崎誠
魚谷侑未,勝又健志,白鳥翔,黒沢咲
萩原聖人,魚谷侑未,滝沢和典,松本吉弘
佐々木寿人,瑞原明奈,村上淳,内川幸太郎
藤崎智,鈴木たろう,沢崎誠,小林剛
黒沢咲,丸山奏子,岡田紗佳,石橋伸洋
朝倉康心,内川幸太郎,園田賢,瀬戸熊直樹
魚谷侑未,多井隆晴,佐々木寿人,勝又健志
高宮まり,多井隆晴,勝又健志,茅森早香
茅森早香,小林剛,松本吉弘,滝沢和典
二階堂亜樹,魚谷侑未,朝倉康心,白鳥翔
黒沢咲,前原雄大,岡田紗佳,鈴木たろう
村上淳,沢崎誠,藤崎智,萩原聖人
沢崎誠,滝沢和典,瀬戸熊直樹,多井隆晴
内川幸太郎,松本吉弘,勝又健志,萩原聖人
小林剛,和久津晶,藤崎智,園田賢
近藤誠一,瑞原明奈,丸山奏子,高宮まり
朝倉康心,瀬戸熊直樹,近藤誠一,二階堂亜樹
萩原聖人,滝沢和典,朝倉康心,茅森早香
鈴木たろう,沢崎誠,日向藍子,藤崎智
村上淳,白鳥翔,前原雄大,内川幸太郎
園田賢,前原雄大,和久津晶,黒沢咲
村上淳,魚谷侑未,萩原聖人,藤崎智
勝又健志,小林剛,白鳥翔,沢崎誠
松本吉弘,朝倉康心,勝又健志,岡田紗佳
近藤誠一,鈴木たろう,瑞原明奈,滝沢和典
滝沢和典,村上淳,朝倉康心,茅森早香
佐々木寿人,黒沢咲,沢崎誠,多井隆晴
白鳥翔,内川幸太郎,瀬戸熊直樹,前原雄大
